new_code,level,segment,detail,CO
B12341AR,BLUE,high,high+,AR
B12341AR,BUSINESS,high,high+++,AR
B12341AR,BUSINESS GOLD,high,high+++,AR
B12341AR,BUSINESS PLATINUM,high,high+++,AR
B12341AR,"BUSINESS WORLD,",high,high+++,AR
B12341AR,CENTURION,high,high+++,AR
B12341AR,CORPORATE,high,high+++,AR
B12341AR,ELECTRON,low,unknown,AR
B12341AR,GOLD,medium,unknown,AR
B12341AR,GREEN,medium,unknown,AR
B12341AR,PLATINUM,high,high+,AR
B12341AR,PLATINUM BUSINESS,high,high+++,AR
B12341AR,PREPAID,low,unknown,AR
B12341AR,PURCHASE,low,unknown,AR
B12341CL,BLACK,high,high++,CL
B12341CL,BUSINESS,high,high+++,CL
B12341CL,BUSINESS PLATINUM,high,high+++,CL
B12341CL,BUSINESS WORLD,high,high+++,CL
B12341CL,CLASSIC,low,unknown,CL
B12341CL,CORPORATE,high,high+++,CL
B12341CL,ELECTRON,low,unknown,CL
B12341CL,GOLD,low,unknown,CL
B12341CL,PLATINUM,medium,unknown,CL
B12341CL,PURCHASE,low,unknown,CL
B12341CL,SIGNATURE,high,high+,CL
B12341CL,STANDARD,low,unknown,CL
B12341CO,BLACK,medium,unknown,CO
B12341CO,BUSINESS,high,high+++,CO
B12341CO,BUSINESS PLATINUM,high,high+++,CO
B12341CO,BUSINESS WORLD,high,high+++,CO
B12341CO,CLASSIC,low,unknown,CO
B12341CO,CORPORATE,high,high+++,CO
B12341CO,ELECTRON,low,unknown,CO
B12341CO,GOLD,low,unknown,CO
B12341CO,PLATINUM,medium,unknown,CO
B12341CO,PREPAID,low,unknown,CO
B12341CO,PURCHASE,low,unknown,CO
B12341CO,STANDARD,low,unknown,CO
B12341EC,BLACK,high,high+,EC
B12341EC,BUSINESS,high,high+,EC
B12341EC,BUSINESS PLATINUM,high,high+,EC
B12341EC,BUSINESS WORLD,high,high+,EC
B12341EC,CORPORATE,high,high+,EC
B12341MX,BUSINESS,high,high+++,MX
B12341MX,BUSINESS PLATINUM,high,high+++,MX
B12341MX,CORPORATE,high,high+++,MX
B12341MX,GREEN,low,unknown,MX
B12341MX,PLATINUM,high,high+,MX
B12341MX,PREPAID,low,unknown,MX
B12341MX,PURCHASE,low,unknown,MX
B12342CL,BUSINESS,high,high+++,CL
B12342CL,BUSINESS PLATINUM,high,high+++,CL
B12342CL,BUSINESS WORLD,high,high+++,CL
B12342CL,CORPORATE,high,high+++,CL
B12342CL,ELECTRON,low,unknown,CL
B12342CL,INFINITE,high,high+,CL
B12342CL,PLATINUM,high,high+,CL
B12342CL,PURCHASE,low,unknown,CL
B12342CO,BLACK,high,high+,CO
B12342CO,BLUE,low,unknown,CO
B12342CO,BUSINESS,high,high+,CO
B12342CO,CENTURION,high,high+,CO
B12342CO,CORPORATE,high,high+,CO
B12342CO,GOLD,medium,unknown,CO
B12342CO,GREEN,medium,unknown,CO
B12342CO,OPTIMA,high,high+,CO
B12342CO,PLATINUM,medium,unknown,CO
B12342CO,PREPAID,high,high+,CO
B12343CL,BLACK,high,high++,CL
B12343CL,BUSINESS,high,high+++,CL
B12343CL,BUSINESS PLATINUM,high,high+++,CL
B12343CL,BUSINESS WORLD,high,high+++,CL
B12343CL,CLASSIC,low,unknown,CL
B12343CL,CORPORATE,high,high+++,CL
B12343CL,ELECTRON,low,unknown,CL
B12343CL,GOLD,low,unknown,CL
B12343CL,PLATINUM,medium,unknown,CL
B12343CL,PURCHASE,low,unknown,CL
B12343CL,SIGNATURE,high,high+,CL
B12343CL,STANDARD,low,unknown,CL
B12343CO,BUSINESS,high,high+++,CO
B12343CO,BUSINESS PLATINUM,high,high+++,CO
B12343CO,BUSINESS WORLD,high,high+++,CO
B12343CO,CLASSIC,low,unknown,CO
B12343CO,CORPORATE,high,high+++,CO
B12343CO,ELECTRON,low,unknown,CO
B12343CO,GOLD,low,unknown,CO
B12343CO,INFINITE,high,high+,CO
B12343CO,PLATINUM,medium,unknown,CO
B12343CO,PREPAID,low,unknown,CO
B12343CO,PURCHASE,low,unknown,CO
B12343CO,SIGNATURE,high,high+,CO
B12343EC,BLACK,high,high+,EC
B12343EC,BUSINESS,high,high+,EC
B12343EC,BUSINESS PLATINUM,high,high+,EC
B12343EC,BUSINESS WORLD,high,high+,EC
B12343EC,CORPORATE,high,high+,EC
B12343MX,BUSINESS,high,high+++,MX
B12343MX,BUSINESS PLATINUM,high,high+++,MX
B12343MX,CORPORATE,high,high+++,MX
B12343MX,GOLD,medium,unknown,MX
B12343MX,GREEN,low,unknown,MX
B12343MX,PLATINUM,high,high++,MX
B12343MX,PREPAID,low,unknown,MX
B12343MX,PURCHASE,low,unknown,MX
B12344AR,BLACK,high,high++,AR
B12344AR,BUSINESS,high,high+++,AR
B12344AR,BUSINESS GOLD,high,high+++,AR
B12344AR,BUSINESS PLATINUM,high,high+++,AR
B12344AR,"BUSINESS WORLD,",high,high+++,AR
B12344AR,CLASSIC,low,unknown,AR
B12344AR,CORPORATE,high,high+++,AR
B12344AR,ELECTRON,low,unknown,AR
B12344AR,GOLD,medium,unknown,AR
B12344AR,PLATINUM,high,high+,AR
B12344AR,PLATINUM BUSINESS,high,high+++,AR
B12344AR,PREPAID,low,unknown,AR
B12344AR,PURCHASE,low,unknown,AR
B12344AR,SIGNATURE,high,high++,AR
B12344AR,STANDARD,low,unknown,AR
B12344AR,WORLD,low,unknown,AR
B12344AR,WORLD BLACK,high,high++,AR
B12344CL,BLACK,high,high++,CL
B12344CL,BUSINESS,high,high+++,CL
B12344CL,BUSINESS PLATINUM,high,high+++,CL
B12344CL,BUSINESS WORLD,high,high+++,CL
B12344CL,CLASSIC,low,unknown,CL
B12344CL,CORPORATE,high,high+++,CL
B12344CL,ELECTRON,low,unknown,CL
B12344CL,GOLD,medium,unknown,CL
B12344CL,PLATINUM,medium,unknown,CL
B12344CL,PURCHASE,low,unknown,CL
B12344CL,SIGNATURE,high,high+,CL
B12344CL,STANDARD,low,unknown,CL
B12344CO,BUSINESS,high,high+,CO
B12344CO,CLASSIC,low,unknown,CO
B12344CO,ELECTRON,low,unknown,CO
B12344CO,GOLD,medium,unknown,CO
B12344CO,PURCHASE,low,unknown,CO
B12344CO,STANDARD,low,unknown,CO
B12344EC,BLACK,high,high+,EC
B12344EC,BUSINESS,high,high+,EC
B12344EC,BUSINESS PLATINUM,high,high+,EC
B12344EC,BUSINESS WORLD,high,high+,EC
B12344EC,CORPORATE,high,high+,EC
B12344MX,BUSINESS,high,high+++,MX
B12344MX,BUSINESS PLATINUM,high,high+++,MX
B12344MX,CLASSIC,low,unknown,MX
B12344MX,CORPORATE,high,high+++,MX
B12344MX,GOLD,medium,unknown,MX
B12344MX,INFINITE,high,high+,MX
B12344MX,PLATINUM,high,high+,MX
B12344MX,PREPAID,low,unknown,MX
B12344MX,PURCHASE,low,unknown,MX
B12344MX,STANDARD,low,unknown,MX
B12344MX,WORLD,low,unknown,MX
B12345CL,BLACK,high,high++,CL
B12345CL,BUSINESS,high,high+++,CL
B12345CL,BUSINESS PLATINUM,high,high+++,CL
B12345CL,BUSINESS WORLD,high,high+++,CL
B12345CL,CLASSIC,low,unknown,CL
B12345CL,CORPORATE,high,high+++,CL
B12345CL,ELECTRON,low,unknown,CL
B12345CL,GOLD,low,unknown,CL
B12345CL,PLATINUM,low,unknown,CL
B12345CL,PURCHASE,low,unknown,CL
B12345CL,SIGNATURE,high,high++,CL
B12345CL,STANDARD,low,unknown,CL
B12345CO,BUSINESS,high,high+++,CO
B12345CO,BUSINESS PLATINUM,high,high+++,CO
B12345CO,BUSINESS WORLD,high,high+++,CO
B12345CO,CLASSIC,low,unknown,CO
B12345CO,CORPORATE,high,high+++,CO
B12345CO,ELECTRON,low,unknown,CO
B12345CO,GOLD,medium,unknown,CO
B12345CO,PLATINUM,medium,unknown,CO
B12345CO,PREPAID,low,unknown,CO
B12345CO,PURCHASE,low,unknown,CO
B12345CO,STANDARD,low,unknown,CO
B12345CO,WORLD,high,high+,CO
B12345EC,BLACK,high,high+,EC
B12345EC,BUSINESS,high,high+,EC
B12345EC,BUSINESS PLATINUM,high,high+,EC
B12345EC,BUSINESS WORLD,high,high+,EC
B12345EC,CORPORATE,high,high+,EC
B12346CL,BLACK,low,unknown,CL
B12346CL,BUSINESS,high,high+++,CL
B12346CL,BUSINESS PLATINUM,high,high+++,CL
B12346CL,BUSINESS WORLD,high,high+++,CL
B12346CL,CLASSIC,low,unknown,CL
B12346CL,CORPORATE,high,high+++,CL
B12346CL,ELECTRON,low,unknown,CL
B12346CL,GOLD,low,unknown,CL
B12346CL,PLATINUM,low,unknown,CL
B12346CL,PURCHASE,low,unknown,CL
B12346CL,STANDARD,low,unknown,CL
B12346CO,BLACK,medium,unknown,CO
B12346CO,BUSINESS,medium,unknown,CO
B12346CO,BUSINESS PLATINUM,medium,unknown,CO
B12346CO,BUSINESS WORLD,high,unknown,CO
B12346CO,CLASSIC,low,unknown,CO
B12346CO,CORPORATE,high,unknown,CO
B12346CO,ELECTRON,low,unknown,CO
B12346CO,GOLD,low,unknown,CO
B12346CO,PLATINUM,medium,unknown,CO
B12346CO,PREPAID,low,unknown,CO
B12346CO,PURCHASE,low,unknown,CO
B12346CO,STANDARD,low,unknown,CO
B12346CO,WORLD,high,high+,CO
B12346EC,BLACK,high,high+,EC
B12346EC,BUSINESS,high,high+,EC
B12346EC,BUSINESS PLATINUM,high,high+,EC
B12346EC,BUSINESS WORLD,high,high+,EC
B12346EC,CORPORATE,high,high+,EC
B12347AR,BLACK,high,high++,AR
B12347AR,BUSINESS,high,high+++,AR
B12347AR,BUSINESS GOLD,high,high+++,AR
B12347AR,BUSINESS PLATINUM,high,high+++,AR
B12347AR,"BUSINESS WORLD,",high,high+++,AR
B12347AR,CLASSIC,low,unknown,AR
B12347AR,CORPORATE,high,high+++,AR
B12347AR,ELECTRON,low,unknown,AR
B12347AR,GOLD,low,unknown,AR
B12347AR,PLATINUM,high,high+,AR
B12347AR,PLATINUM BUSINESS,high,high+++,AR
B12347AR,PREPAID,low,unknown,AR
B12347AR,PURCHASE,low,unknown,AR
B12347AR,SIGNATURE,high,high++,AR
B12347AR,STANDARD,low,unknown,AR
B12347CO,BUSINESS,high,high+++,CO
B12347CO,BUSINESS PLATINUM,high,high+++,CO
B12347CO,BUSINESS WORLD,high,high+++,CO
B12347CO,CLASSIC,low,unknown,CO
B12347CO,CORPORATE,high,high+++,CO
B12347CO,ELECTRON,low,unknown,CO
B12347CO,GOLD,low,unknown,CO
B12347CO,INFINITE,high,high+,CO
B12347CO,PLATINUM,medium,unknown,CO
B12347CO,PREPAID,low,unknown,CO
B12347CO,PURCHASE,low,unknown,CO
B12347CO,SIGNATURE,high,high+,CO
B12347CO,STANDARD,low,unknown,CO
B12347CO,WORLD,high,high+,CO
B12347CO,WORLD BLACK,high,high+,CO
B12347EC,BLACK,high,high+,EC
B12347EC,BLUE,high,high+,EC
B12347EC,BUSINESS,high,high+,EC
B12347EC,BUSINESS PLATINUM,high,high+,EC
B12347EC,BUSINESS WORLD,high,high+,EC
B12347EC,CLASSIC,low,unknown,EC
B12347EC,CORPORATE,high,high+,EC
B12347EC,GOLD,low,unknown,EC
B12347EC,GREEN,medium,unknown,EC
B12347EC,PLATINUM,high,high+,EC
B12347EC,SIGNATURE,high,high+,EC
B12347EC,STANDARD,low,unknown,EC
B12348AR,BLACK,high,high+++,AR
B12348AR,BUSINESS,high,high+++,AR
B12348AR,BUSINESS GOLD,high,high+++,AR
B12348AR,BUSINESS PLATINUM,high,high+++,AR
B12348AR,"BUSINESS WORLD,",high,high+++,AR
B12348AR,CLASSIC,low,unknown,AR
B12348AR,CORPORATE,high,high+++,AR
B12348AR,ELECTRON,low,unknown,AR
B12348AR,GOLD,low,unknown,AR
B12348AR,PLATINUM,high,high+,AR
B12348AR,PLATINUM BUSINESS,high,high+++,AR
B12348AR,PREPAID,low,unknown,AR
B12348AR,PURCHASE,low,unknown,AR
B12348AR,STANDARD,low,unknown,AR
B12348CL,BLACK,medium,unknown,CL
B12348CL,BUSINESS,high,high+++,CL
B12348CL,BUSINESS PLATINUM,high,high+++,CL
B12348CL,BUSINESS WORLD,high,high+++,CL
B12348CL,CLASSIC,low,unknown,CL
B12348CL,CORPORATE,high,high+++,CL
B12348CL,ELECTRON,low,unknown,CL
B12348CL,GOLD,low,unknown,CL
B12348CL,PLATINUM,medium,unknown,CL
B12348CL,PURCHASE,low,unknown,CL
B12348CL,STANDARD,low,unknown,CL
B12348CL,WORLD BLACK,medium,unknown,CL
B12348EC,BLACK,high,high+,EC
B12348EC,BUSINESS,high,high+,EC
B12348EC,BUSINESS PLATINUM,high,high+,EC
B12348EC,BUSINESS WORLD,high,high+,EC
B12348EC,CORPORATE,high,high+,EC
B12348MX,BUSINESS,high,high+++,MX
B12348MX,BUSINESS PLATINUM,high,high+++,MX
B12348MX,CORPORATE,high,high+++,MX
B12348MX,INFINITE,high,high+,MX
B12348MX,PREPAID,low,unknown,MX
B12348MX,PURCHASE,low,unknown,MX
B12349AR,STANDARD,low,unknown,AR
B12349CL,BUSINESS,high,high+++,CL
B12349CL,BUSINESS PLATINUM,high,high+++,CL
B12349CL,BUSINESS WORLD,high,high+++,CL
B12349CL,CLASSIC,low,unknown,CL
B12349CL,CORPORATE,high,high+++,CL
B12349CL,ELECTRON,low,unknown,CL
B12349CL,PURCHASE,low,unknown,CL
B12349CL,STANDARD,low,unknown,CL
B12349CO,BUSINESS,high,high+++,CO
B12349CO,BUSINESS PLATINUM,high,high+++,CO
B12349CO,BUSINESS WORLD,high,high+++,CO
B12349CO,CLASSIC,low,unknown,CO
B12349CO,CORPORATE,high,high+++,CO
B12349CO,ELECTRON,low,unknown,CO
B12349CO,GOLD,medium,unknown,CO
B12349CO,GOLD,medium,unknown,CO
B12349CO,PLATINUM,medium,unknown,CO
B12349CO,PREPAID,low,unknown,CO
B12349CO,PURCHASE,low,unknown,CO
B12349EC,BLACK,high,high+,EC
B12349EC,BUSINESS,high,high+,EC
B12349EC,BUSINESS PLATINUM,high,high+,EC
B12349EC,BUSINESS WORLD,high,high+,EC
B12349EC,CORPORATE,high,high+,EC
B00010CL,BLACK,medium,unknown,CL
B00010CL,BUSINESS,high,high+++,CL
B00010CL,BUSINESS PLATINUM,high,high+++,CL
B00010CL,BUSINESS WORLD,high,high+++,CL
B00010CL,CLASSIC,low,unknown,CL
B00010CL,CORPORATE,high,high+++,CL
B00010CL,ELECTRON,low,unknown,CL
B00010CL,GOLD,medium,unknown,CL
B00010CL,PLATINUM,medium,unknown,CL
B00010CL,PURCHASE,low,unknown,CL
B00010CL,SIGNATURE,high,high++,CL
B00010CL,STANDARD,low,unknown,CL
B00010CO,CLASSIC,low,unknown,CO
B00010CO,PREPAID,low,unknown,CO
B00010EC,BLACK,high,high+,EC
B00010EC,BUSINESS,high,high+,EC
B00010EC,BUSINESS PLATINUM,high,high+,EC
B00010EC,BUSINESS WORLD,high,high+,EC
B00010EC,CORPORATE,high,high+,EC
B00010MX,BUSINESS,high,high+++,MX
B00010MX,BUSINESS PLATINUM,high,high+++,MX
B00010MX,CLASSIC,low,unknown,MX
B00010MX,CORPORATE,high,high+++,MX
B00010MX,GOLD,medium,unknown,MX
B00010MX,INFINITE,high,high+,MX
B00010MX,PLATINUM,high,high+,MX
B00010MX,PREPAID,low,unknown,MX
B00010MX,PURCHASE,low,unknown,MX
B00010MX,STANDARD,low,unknown,MX
B00011CL,BLACK,high,high+,CL
B00011CL,BUSINESS,high,high+++,CL
B00011CL,BUSINESS PLATINUM,high,high+++,CL
B00011CL,BUSINESS WORLD,high,high+++,CL
B00011CL,CORPORATE,high,high+++,CL
B00011CL,ELECTRON,low,unknown,CL
B00011CL,PURCHASE,low,unknown,CL
B00011CO,BUSINESS,high,high+++,CO
B00011CO,BUSINESS PLATINUM,high,high+++,CO
B00011CO,BUSINESS WORLD,high,high+++,CO
B00011CO,CLASSIC,low,unknown,CO
B00011CO,CORPORATE,high,high+++,CO
B00011CO,ELECTRON,low,unknown,CO
B00011CO,GOLD,medium,unknown,CO
B00011CO,PLATINUM,medium,unknown,CO
B00011CO,PREPAID,low,unknown,CO
B00011CO,PURCHASE,low,unknown,CO
B00011CO,STANDARD,low,unknown,CO
B00011CO,WORLD,high,high+,CO
B00011EC,BLACK,high,high+,EC
B00011EC,BUSINESS,high,high+,EC
B00011EC,BUSINESS PLATINUM,high,high+,EC
B00011EC,BUSINESS WORLD,high,high+,EC
B00011EC,CLASSIC,low,unknown,EC
B00011EC,CORPORATE,high,high+,EC
B00011EC,GOLD,medium,unknown,EC
B00011EC,INFINITE,high,high+,EC
B00011EC,PLATINUM,high,high+,EC
B00011EC,STANDARD,low,unknown,EC
B00011MX,BUSINESS,high,high+++,MX
B00011MX,BUSINESS PLATINUM,high,high+++,MX
B00011MX,CLASSIC,low,unknown,MX
B00011MX,CORPORATE,high,high+++,MX
B00011MX,GOLD,medium,unknown,MX
B00011MX,PLATINUM,high,high+++,MX
B00011MX,PREPAID,low,unknown,MX
B00011MX,PURCHASE,low,unknown,MX
B00011MX,STANDARD,low,unknown,MX
B00011MX,WORLD,low,unknown,MX
B00012AR,BLACK,high,high++,AR
B00012AR,BUSINESS,high,high+++,AR
B00012AR,BUSINESS GOLD,high,high+++,AR
B00012AR,BUSINESS PLATINUM,high,high+++,AR
B00012AR,"BUSINESS WORLD,",high,high+++,AR
B00012AR,CLASSIC,low,unknown,AR
B00012AR,CORPORATE,high,high+++,AR
B00012AR,ELECTRON,low,unknown,AR
B00012AR,GOLD,medium,unknown,AR
B00012AR,PLATINUM,high,high+,AR
B00012AR,PLATINUM BUSINESS,high,high+++,AR
B00012AR,PREPAID,low,unknown,AR
B00012AR,PURCHASE,low,unknown,AR
B00012AR,STANDARD,low,unknown,AR
B00012BR,BLACK,high,high+,BR
B00012BR,BLUE,high,high+,BR
B00012BR,BUSINESS,high,high+++,BR
B00012BR,BUSINESS GOLD,high,high+++,BR
B00012BR,BUSINESS PLATINUM,high,high+++,BR
B00012BR,BUSINESS WORLD,high,high+++,BR
B00012BR,CLASSIC,low,unknown,BR
B00012BR,CORPORATE,high,high+++,BR
B00012BR,ELECTRON,low,unknown,BR
B00012BR,GOLD,low,unknown,BR
B00012BR,GREEN,medium,unknown,BR
B00012BR,PLATINUM,medium,unknown,BR
B00012BR,PLATINUM BUSINESS,high,high+++,BR
B00012BR,PREPAID,low,unknown,BR
B00012BR,PURCHASE,low,unknown,BR
B00012BR,STANDARD,low,unknown,BR
B00012CL,BUSINESS,high,high+++,CL
B00012CL,BUSINESS PLATINUM,high,high+++,CL
B00012CL,BUSINESS WORLD,high,high+++,CL
B00012CL,CORPORATE,high,high+++,CL
B00012CL,ELECTRON,low,unknown,CL
B00012CL,PLATINUM,medium,unknown,CL
B00012CL,PURCHASE,low,unknown,CL
B00012CL,STANDARD,low,unknown,CL
B00012CO,BUSINESS,high,high+++,CO
B00012CO,BUSINESS PLATINUM,high,high+++,CO
B00012CO,BUSINESS WORLD,high,high+++,CO
B00012CO,CLASSIC,low,unknown,CO
B00012CO,CORPORATE,high,high+++,CO
B00012CO,ELECTRON,low,unknown,CO
B00012CO,GOLD,medium,high+,CO
B00012CO,PLATINUM,medium,unknown,CO
B00012CO,PREPAID,low,unknown,CO
B00012CO,PURCHASE,low,unknown,CO
B00012CO,SIGNATURE,high,high+++,CO
B00012CO,STANDARD,low,unknown,CO
B00012CO,WORLD,low,unknown,CO
B00012EC,BLACK,high,high+,EC
B00012EC,BUSINESS,high,high+,EC
B00012EC,BUSINESS PLATINUM,high,high+,EC
B00012EC,BUSINESS WORLD,high,high+,EC
B00012EC,CORPORATE,high,high+,EC
B00012MX,BUSINESS,high,high+++,MX
B00012MX,BUSINESS PLATINUM,high,high+++,MX
B00012MX,CORPORATE,high,high+++,MX
B00012MX,PLATINUM,high,high+,MX
B00012MX,PREPAID,low,unknown,MX
B00012MX,PURCHASE,low,unknown,MX
B00013AR,BLACK,high,high+,AR
B00013AR,BUSINESS,high,high+++,AR
B00013AR,BUSINESS GOLD,high,high+++,AR
B00013AR,BUSINESS PLATINUM,high,high+++,AR
B00013AR,"BUSINESS WORLD,",high,high+++,AR
B00013AR,CLASSIC,low,unknown,AR
B00013AR,CORPORATE,high,high+++,AR
B00013AR,ELECTRON,low,unknown,AR
B00013AR,GOLD,low,unknown,AR
B00013AR,PLATINUM,high,high+,AR
B00013AR,PLATINUM BUSINESS,high,high+++,AR
B00013AR,PREPAID,low,unknown,AR
B00013AR,PURCHASE,low,unknown,AR
B00013AR,STANDARD,low,unknown,AR
B00013CO,BLACK,high,high+++,CO
B00013CO,BUSINESS,medium,unknown,CO
B00013CO,BUSINESS PLATINUM,high,high+++,CO
B00013CO,BUSINESS WORLD,high,high+++,CO
B00013CO,CLASSIC,low,unknown,CO
B00013CO,CORPORATE,high,high+++,CO
B00013CO,ELECTRON,low,unknown,CO
B00013CO,GOLD,medium,high+,CO
B00013CO,INFINITE,high,high+++,CO
B00013CO,PLATINUM,medium,unknown,CO
B00013CO,PREPAID,low,unknown,CO
B00013CO,PURCHASE,low,unknown,CO
B00013CO,SIGNATURE,high,high+++,CO
B00013CO,STANDARD,low,unknown,CO
B00013CO,WORLD,high,high+,CO
B00013MX,BUSINESS,high,high+++,MX
B00013MX,BUSINESS PLATINUM,high,high+++,MX
B00013MX,CORPORATE,high,high+++,MX
B00013MX,PLATINUM,high,high+,MX
B00013MX,PREPAID,low,unknown,MX
B00013MX,PURCHASE,low,unknown,MX
B00014AR,BLACK,high,high+,AR
B00014AR,CLASSIC,low,unknown,AR
B00014AR,GOLD,medium,unknown,AR
B00014AR,GREEN,low,unknown,AR
B00014AR,PLATINUM,high,high+,AR
B00014AR,SIGNATURE,high,high+,AR
B00014AR,STANDARD,low,unknown,AR
B00014BR,CLASSIC,low,unknown,BR
B00014BR,STANDARD,low,unknown,BR
B00014CO,BLACK,medium,unknown,CO
B00014CO,BUSINESS,high,high+++,CO
B00014CO,BUSINESS PLATINUM,high,high+++,CO
B00014CO,BUSINESS WORLD,high,high+++,CO
B00014CO,CLASSIC,low,unknown,CO
B00014CO,CORPORATE,high,high+++,CO
B00014CO,ELECTRON,low,unknown,CO
B00014CO,GOLD,medium,unknown,CO
B00014CO,INFINITE,high,high+,CO
B00014CO,PLATINUM,medium,unknown,CO
B00014CO,PREPAID,low,unknown,CO
B00014CO,PURCHASE,low,unknown,CO
B00014CO,SIGNATURE,high,high+,CO
B00014CO,STANDARD,medium,unknown,CO
B00014CO,WORLD,high,high+,CO
B00014EC,BLACK,high,high+,EC
B00014EC,BUSINESS,high,high+,EC
B00014EC,BUSINESS PLATINUM,high,high+,EC
B00014EC,BUSINESS WORLD,high,high+,EC
B00014EC,CORPORATE,high,high+,EC
B00014EC,INFINITE,high,high+,EC
B00014EC,SIGNATURE,high,high+,EC
B00014MX,BUSINESS,high,high+++,MX
B00014MX,BUSINESS PLATINUM,high,high+++,MX
B00014MX,CORPORATE,high,high+++,MX
B00014MX,ELECTRON,low,unknown,MX
B00014MX,PLATINUM,high,high+,MX
B00014MX,PREPAID,low,unknown,MX
B00014MX,PURCHASE,low,unknown,MX
B00015BR,BLACK,high,high+,BR
B00015BR,BLUE,high,high+,BR
B00015BR,BUSINESS,high,high+++,BR
B00015BR,BUSINESS GOLD,high,high+++,BR
B00015BR,BUSINESS PLATINUM,high,high+++,BR
B00015BR,BUSINESS WORLD,high,high+++,BR
B00015BR,CLASSIC,low,unknown,BR
B00015BR,CORPORATE,high,high+++,BR
B00015BR,ELECTRON,low,unknown,BR
B00015BR,GOLD,low,unknown,BR
B00015BR,PLATINUM,medium,unknown,BR
B00015BR,PLATINUM BUSINESS,high,high+++,BR
B00015BR,PREPAID,low,unknown,BR
B00015BR,PURCHASE,low,unknown,BR
B00015BR,STANDARD,low,unknown,BR
B00015CO,BUSINESS,high,high+++,CO
B00015CO,BUSINESS PLATINUM,high,high+++,CO
B00015CO,BUSINESS WORLD,high,high+++,CO
B00015CO,CLASSIC,medium,unknown,CO
B00015CO,CORPORATE,high,high+++,CO
B00015CO,ELECTRON,low,unknown,CO
B00015CO,GOLD,medium,unknown,CO
B00015CO,PLATINUM,medium,unknown,CO
B00015CO,PREPAID,low,unknown,CO
B00015CO,PURCHASE,low,unknown,CO
B00015CO,SIGNATURE,high,high+,CO
B00015CO,STANDARD,low,unknown,CO
B00015CO,WORLD BLACK,high,high+,CO
B00015EC,BLACK,high,high+,EC
B00015EC,BUSINESS,high,high+,EC
B00015EC,BUSINESS PLATINUM,high,high+,EC
B00015EC,BUSINESS WORLD,high,high+,EC
B00015EC,CORPORATE,high,high+,EC
B00016BR,BLUE,high,high+,BR
B00016BR,BUSINESS,high,high+++,BR
B00016BR,BUSINESS GOLD,high,high+++,BR
B00016BR,BUSINESS PLATINUM,high,high+++,BR
B00016BR,BUSINESS WORLD,high,high+++,BR
B00016BR,CLASSIC,low,unknown,BR
B00016BR,CORPORATE,high,high+++,BR
B00016BR,ELECTRON,low,unknown,BR
B00016BR,PLATINUM,high,high+,BR
B00016BR,PLATINUM BUSINESS,high,high+++,BR
B00016BR,PREPAID,low,unknown,BR
B00016BR,PURCHASE,low,unknown,BR
B00016BR,STANDARD,low,unknown,BR
B00016BR,WORLD BLACK,high,high+,BR
B00016CL,BLACK,high,high+,CL
B00016CL,BUSINESS,high,high+++,CL
B00016CL,BUSINESS PLATINUM,high,high+++,CL
B00016CL,BUSINESS WORLD,high,high+++,CL
B00016CL,CLASSIC,low,unknown,CL
B00016CL,CORPORATE,high,high+++,CL
B00016CL,ELECTRON,low,unknown,CL
B00016CL,GOLD,low,unknown,CL
B00016CL,GREEN,low,unknown,CL
B00016CL,PLATINUM,medium,unknown,CL
B00016CL,PURCHASE,low,unknown,CL
B00016CL,SIGNATURE,high,high+,CL
B00016CL,STANDARD,low,unknown,CL
B00016CO,CLASSIC,low,unknown,CO
B00016CO,GOLD,low,unknown,CO
B00016CO,PLATINUM,medium,unknown,CO
B00016EC,BLACK,high,high+,EC
B00016EC,BUSINESS,high,high+,EC
B00016EC,BUSINESS PLATINUM,high,high+,EC
B00016EC,BUSINESS WORLD,high,high+,EC
B00016EC,CORPORATE,high,high+,EC
B00017BR,BLUE,high,high+,BR
B00017BR,BUSINESS,high,high+++,BR
B00017BR,BUSINESS GOLD,high,high+++,BR
B00017BR,BUSINESS PLATINUM,high,high+++,BR
B00017BR,BUSINESS WORLD,high,high+++,BR
B00017BR,CORPORATE,high,high+++,BR
B00017BR,ELECTRON,low,unknown,BR
B00017BR,PLATINUM,high,high+,BR
B00017BR,PLATINUM BUSINESS,high,high+++,BR
B00017BR,PREPAID,low,unknown,BR
B00017BR,PURCHASE,low,unknown,BR
B00017CO,BUSINESS,high,high+++,CO
B00017CO,BUSINESS PLATINUM,high,high+++,CO
B00017CO,BUSINESS WORLD,high,high+++,CO
B00017CO,CLASSIC,low,unknown,CO
B00017CO,CORPORATE,high,high+++,CO
B00017CO,ELECTRON,low,unknown,CO
B00017CO,GOLD,low,unknown,CO
B00017CO,PLATINUM,medium,unknown,CO
B00017CO,PREPAID,low,unknown,CO
B00017CO,PURCHASE,low,unknown,CO
B00017CO,SIGNATURE,high,high+,CO
B00017MX,BUSINESS,high,high+++,MX
B00017MX,BUSINESS PLATINUM,high,high+++,MX
B00017MX,CORPORATE,high,high+++,MX
B00017MX,PLATINUM,high,high+,MX
B00017MX,PREPAID,low,unknown,MX
B00017MX,PURCHASE,low,unknown,MX
B00018CO,BUSINESS,high,high+++,CO
B00018CO,BUSINESS PLATINUM,high,high+++,CO
B00018CO,BUSINESS WORLD,high,high+++,CO
B00018CO,CLASSIC,low,unknown,CO
B00018CO,CORPORATE,high,high+++,CO
B00018CO,ELECTRON,low,unknown,CO
B00018CO,GOLD,medium,unknown,CO
B00018CO,PLATINUM,medium,unknown,CO
B00018CO,PREPAID,low,unknown,CO
B00018CO,PURCHASE,low,unknown,CO
B00019CO,BUSINESS,high,high+++,CO
B00019CO,BUSINESS PLATINUM,high,high+++,CO
B00019CO,BUSINESS WORLD,high,high+++,CO
B00019CO,CLASSIC,low,unknown,CO
B00019CO,CORPORATE,high,high+++,CO
B00019CO,ELECTRON,low,unknown,CO
B00019CO,GOLD,medium,unknown,CO
B00019CO,GREEN,medium,unknown,CO
B00019CO,INFINITE,high,high+,CO
B00019CO,PLATINUM,medium,unknown,CO
B00019CO,PREPAID,low,unknown,CO
B00019CO,PURCHASE,low,unknown,CO
B00019CO,SIGNATURE,high,high+,CO
B00019CO,STANDARD,low,unknown,CO
B00019CO,WORLD BLACK,high,high+,CO
B00019MX,BUSINESS,high,high+++,MX
B00019MX,BUSINESS PLATINUM,high,high+++,MX
B00019MX,CLASSIC,low,unknown,MX
B00019MX,CORPORATE,high,high+++,MX
B00019MX,GOLD,medium,unknown,MX
B00019MX,PLATINUM,high,high+,MX
B00019MX,PREPAID,low,unknown,MX
B00019MX,PURCHASE,low,unknown,MX
B00019MX,STANDARD,low,unknown,MX
B00019MX,WORLD,low,unknown,MX
B00020BR,BLUE,high,high+,BR
B00020BR,BUSINESS,high,high+++,BR
B00020BR,BUSINESS GOLD,high,high+++,BR
B00020BR,BUSINESS PLATINUM,high,high+++,BR
B00020BR,BUSINESS WORLD,high,high+++,BR
B00020BR,CORPORATE,high,high+++,BR
B00020BR,ELECTRON,low,unknown,BR
B00020BR,PLATINUM,high,high+,BR
B00020BR,PLATINUM BUSINESS,high,high+++,BR
B00020BR,PREPAID,low,unknown,BR
B00020BR,PURCHASE,low,unknown,BR
B00020BR,WORLD,high,high+,BR
B00020CL,BLACK,high,high+,CL
B00020CL,BUSINESS,high,high+++,CL
B00020CL,BUSINESS PLATINUM,high,high+++,CL
B00020CL,BUSINESS WORLD,high,high+++,CL
B00020CL,CLASSIC,low,unknown,CL
B00020CL,CORPORATE,high,high+++,CL
B00020CL,ELECTRON,low,unknown,CL
B00020CL,GOLD,low,unknown,CL
B00020CL,PLATINUM,medium,unknown,CL
B00020CL,PURCHASE,low,unknown,CL
B00020CL,STANDARD,low,unknown,CL
B00020CO,BLACK,high,high+++,CO
B00020CO,BLUE,low,unknown,CO
B00020CO,BUSINESS,medium,unknown,CO
B00020CO,BUSINESS PLATINUM,high,high+++,CO
B00020CO,BUSINESS WORLD,high,high+++,CO
B00020CO,CLASSIC,low,unknown,CO
B00020CO,CORPORATE,high,high+++,CO
B00020CO,ELECTRON,low,unknown,CO
B00020CO,GOLD,medium,unknown,CO
B00020CO,GREEN,low,unknown,CO
B00020CO,INFINITE,high,high+++,CO
B00020CO,PLATINUM,medium,unknown,CO
B00020CO,PREPAID,low,unknown,CO
B00020CO,PURCHASE,low,unknown,CO
B00020CO,STANDARD,low,unknown,CO
B00020CO,WORLD,high,high+,CO
B00020EC,BLACK,high,high+,EC
B00020EC,BUSINESS,high,high+,EC
B00020EC,BUSINESS PLATINUM,high,high+,EC
B00020EC,BUSINESS WORLD,high,high+,EC
B00020EC,CORPORATE,high,high+,EC
B00020EC,STANDARD,high,high+,EC
B00021BR,BLACK,high,high+,BR
B00021BR,BLUE,high,high+,BR
B00021BR,BUSINESS,high,high+++,BR
B00021BR,BUSINESS GOLD,high,high+++,BR
B00021BR,BUSINESS PLATINUM,high,high+++,BR
B00021BR,BUSINESS WORLD,high,high+++,BR
B00021BR,CLASSIC,low,unknown,BR
B00021BR,CORPORATE,high,high+++,BR
B00021BR,ELECTRON,low,unknown,BR
B00021BR,GOLD,low,unknown,BR
B00021BR,PLATINUM,medium,unknown,BR
B00021BR,PLATINUM BUSINESS,high,high+++,BR
B00021BR,PREPAID,low,unknown,BR
B00021BR,PURCHASE,low,unknown,BR
B00021BR,STANDARD,low,unknown,BR
B00021CO,BUSINESS,high,high+,CO
B00021CO,CLASSIC,low,unknown,CO
B00021CO,CORPORATE,high,high+,CO
B00021CO,ELECTRON,low,high+,CO
B00021CO,GOLD,medium,unknown,CO
B00021CO,INFINITE,high,high+,CO
B00021CO,PLATINUM,medium,unknown,CO
B00021CO,PREPAID,low,unknown,CO
B00021CO,PURCHASE,low,unknown,CO
B00021CO,STANDARD,medium,unknown,CO
B00021CO,WORLD,medium,unknown,CO
B00021EC,BLACK,high,high+,EC
B00021EC,BUSINESS,high,high+,EC
B00021EC,BUSINESS PLATINUM,high,high+,EC
B00021EC,BUSINESS WORLD,high,high+,EC
B00021EC,CORPORATE,high,high+,EC
B00021EC,PREMIUM,medium,unknown,EC
B00021MX,BUSINESS,high,high+++,MX
B00021MX,BUSINESS PLATINUM,high,high+++,MX
B00021MX,CLASSIC,low,unknown,MX
B00021MX,CORPORATE,high,high+++,MX
B00021MX,ELECTRON,low,unknown,MX
B00021MX,GOLD,medium,unknown,MX
B00021MX,INFINITE,high,high+,MX
B00021MX,PLATINUM,high,high+,MX
B00021MX,PREPAID,low,unknown,MX
B00021MX,PURCHASE,low,unknown,MX
B00021MX,STANDARD,low,unknown,MX
B00022AR,BLACK,high,high+,AR
B00022AR,BUSINESS GOLD,high,high+++,AR
B00022AR,BUSINESS PLATINUM,high,high+++,AR
B00022AR,"BUSINESS WORLD,",high,high+++,AR
B00022AR,CLASSIC,medium,unknown,AR
B00022AR,CORPORATE,high,high+++,AR
B00022AR,ELECTRON,low,unknown,AR
B00022AR,GOLD,medium,unknown,AR
B00022AR,PLATINUM BUSINESS,high,high+++,AR
B00022AR,PREPAID,low,unknown,AR
B00022AR,PURCHASE,low,unknown,AR
B00022AR,SIGNATURE,high,high+,AR
B00022AR,STANDARD,medium,unknown,AR
B00022EC,BLACK,high,high+,EC
B00022EC,BUSINESS,high,high+,EC
B00022EC,BUSINESS PLATINUM,high,high+,EC
B00022EC,BUSINESS WORLD,high,high+,EC
B00022EC,CORPORATE,high,high+,EC
B00023CO,BLACK,high,high+,CO
B00023CO,GOLD,low,unknown,CO
B00023CO,STANDARD,low,unknown,CO
B00023EC,BLACK,high,high+,EC
B00023EC,BUSINESS,high,high+,EC
B00023EC,BUSINESS PLATINUM,high,high+,EC
B00023EC,BUSINESS WORLD,high,high+,EC
B00023EC,CORPORATE,high,high+,EC
B00024BR,BLUE,high,high+,BR
B00024BR,BUSINESS,high,high+++,BR
B00024BR,BUSINESS GOLD,high,high+++,BR
B00024BR,BUSINESS PLATINUM,high,high+++,BR
B00024BR,BUSINESS WORLD,high,high+++,BR
B00024BR,CORPORATE,high,high+++,BR
B00024BR,ELECTRON,low,unknown,BR
B00024BR,INFINITE,high,high+,BR
B00024BR,PLATINUM,high,high+,BR
B00024BR,PLATINUM BUSINESS,high,high+++,BR
B00024BR,PREPAID,low,unknown,BR
B00024BR,PURCHASE,low,unknown,BR
B00025AR,BUSINESS,high,high+++,AR
B00025AR,BUSINESS GOLD,high,high+++,AR
B00025AR,BUSINESS PLATINUM,high,high+++,AR
B00025AR,"BUSINESS WORLD,",high,high+++,AR
B00025AR,CLASSIC,low,unknown,AR
B00025AR,CORPORATE,high,high+++,AR
B00025AR,ELECTRON,low,unknown,AR
B00025AR,GOLD,low,unknown,AR
B00025AR,PLATINUM,medium,unknown,AR
B00025AR,PLATINUM BUSINESS,high,high+++,AR
B00025AR,PREPAID,low,unknown,AR
B00025AR,PURCHASE,low,unknown,AR
B00025AR,SIGNATURE,high,high+,AR
B00025AR,STANDARD,low,unknown,AR
B00025BR,BLUE,high,high+,BR
B00025BR,BUSINESS,high,high+++,BR
B00025BR,BUSINESS GOLD,high,high+++,BR
B00025BR,BUSINESS PLATINUM,high,high+++,BR
B00025BR,BUSINESS WORLD,high,high+++,BR
B00025BR,CORPORATE,high,high+++,BR
B00025BR,ELECTRON,low,unknown,BR
B00025BR,PLATINUM,high,high+,BR
B00025BR,PLATINUM BUSINESS,high,high+++,BR
B00025BR,PREPAID,low,unknown,BR
B00025BR,PURCHASE,low,unknown,BR
B00025CO,BUSINESS,medium,unknown,CO
B00025CO,PREPAID,low,unknown,CO
B00025CO,STANDARD,medium,unknown,CO
B00025EC,BLACK,high,high+,EC
B00025EC,BUSINESS,high,high+,EC
B00025EC,BUSINESS PLATINUM,high,high+,EC
B00025EC,BUSINESS WORLD,high,high+,EC
B00025EC,CORPORATE,high,high+,EC
B00026AR,BLACK,high,high+++,AR
B00026AR,BUSINESS,high,high+++,AR
B00026AR,BUSINESS GOLD,high,high+++,AR
B00026AR,BUSINESS PLATINUM,high,high+++,AR
B00026AR,"BUSINESS WORLD,",high,high+++,AR
B00026AR,CLASSIC,low,unknown,AR
B00026AR,CORPORATE,high,high+++,AR
B00026AR,ELECTRON,low,unknown,AR
B00026AR,GOLD,medium,unknown,AR
B00026AR,PLATINUM,high,high+,AR
B00026AR,PLATINUM BUSINESS,high,high+++,AR
B00026AR,PREPAID,low,unknown,AR
B00026AR,PURCHASE,low,unknown,AR
B00026AR,STANDARD,low,unknown,AR
B00026EC,BLACK,high,high+,EC
B00026EC,BUSINESS,high,high+,EC
B00026EC,BUSINESS PLATINUM,high,high+,EC
B00026EC,BUSINESS WORLD,high,high+,EC
B00026EC,CORPORATE,high,high+,EC
B00027EC,BLACK,high,high+,EC
B00027EC,BUSINESS,high,high+,EC
B00027EC,BUSINESS PLATINUM,high,high+,EC
B00027EC,BUSINESS WORLD,high,high+,EC
B00027EC,CORPORATE,high,high+,EC
B00028AR,BLACK,high,high+,AR
B00028AR,BUSINESS,high,high+++,AR
B00028AR,BUSINESS GOLD,high,high+++,AR
B00028AR,BUSINESS PLATINUM,high,high+++,AR
B00028AR,"BUSINESS WORLD,",high,high+++,AR
B00028AR,CLASSIC,low,unknown,AR
B00028AR,CORPORATE,high,high+++,AR
B00028AR,ELECTRON,low,unknown,AR
B00028AR,GOLD,low,unknown,AR
B00028AR,INTERNATIONAL,low,unknown,AR
B00028AR,PLATINUM,high,high+,AR
B00028AR,PLATINUM BUSINESS,high,high+++,AR
B00028AR,PREPAID,low,unknown,AR
B00028AR,PURCHASE,low,unknown,AR
B00028AR,STANDARD,low,unknown,AR
B00028CO,BUSINESS,high,high+++,CO
B00028CO,BUSINESS PLATINUM,high,high+++,CO
B00028CO,BUSINESS WORLD,high,high+++,CO
B00028CO,CLASSIC,low,unknown,CO
B00028CO,CORPORATE,high,high+++,CO
B00028CO,ELECTRON,low,unknown,CO
B00028CO,GOLD,low,unknown,CO
B00028CO,INFINITE,high,high+,CO
B00028CO,PLATINUM,medium,unknown,CO
B00028CO,PREPAID,low,unknown,CO
B00028CO,PURCHASE,low,unknown,CO
B00028CO,SIGNATURE,high,high+,CO
B00028EC,BLACK,high,high+,EC
B00028EC,BUSINESS,high,high+,EC
B00028EC,BUSINESS PLATINUM,high,high+,EC
B00028EC,BUSINESS WORLD,high,high+,EC
B00028EC,CORPORATE,high,high+,EC
B00029AR,BLACK,high,high+,AR
B00029AR,BUSINESS,high,high+++,AR
B00029AR,BUSINESS GOLD,high,high+++,AR
B00029AR,BUSINESS PLATINUM,high,high+++,AR
B00029AR,"BUSINESS WORLD,",high,high+++,AR
B00029AR,CLASSIC,medium,unknown,AR
B00029AR,CORPORATE,high,high+++,AR
B00029AR,ELECTRON,low,unknown,AR
B00029AR,GOLD,medium,unknown,AR
B00029AR,PLATINUM BUSINESS,high,high+++,AR
B00029AR,PREPAID,low,unknown,AR
B00029AR,PURCHASE,low,unknown,AR
B00029AR,SIGNATURE,high,high+,AR
B00029AR,STANDARD,medium,unknown,AR
B00029CO,CORPORATE,high,high+,CO
B00029CO,STANDARD,low,unknown,CO
B00029CO,WORLD,high,high+,CO
B00029CO,PLATINUM,medium,unknown,CO
B00029EC,BLACK,high,high+,EC
B00029EC,BUSINESS,high,high+,EC
B00029EC,BUSINESS PLATINUM,high,high+,EC
B00029EC,BUSINESS WORLD,high,high+,EC
B00029EC,CORPORATE,high,high+,EC
B00029MX,BUSINESS,high,high+++,MX
B00029MX,BUSINESS PLATINUM,high,high+++,MX
B00029MX,CORPORATE,high,high+++,MX
B00029MX,PLATINUM,high,high+,MX
B00029MX,PREPAID,low,unknown,MX
B00029MX,PURCHASE,low,unknown,MX
B00030BR,BLACK,high,high+,BR
B00030BR,BLUE,high,high+,BR
B00030BR,BUSINESS,high,high+++,BR
B00030BR,BUSINESS GOLD,high,high+++,BR
B00030BR,BUSINESS PLATINUM,high,high+++,BR
B00030BR,BUSINESS WORLD,high,high+++,BR
B00030BR,CLASSIC,low,unknown,BR
B00030BR,CORPORATE,high,high+++,BR
B00030BR,ELECTRON,low,unknown,BR
B00030BR,GOLD,low,unknown,BR
B00030BR,INFINITE,high,high+,BR
B00030BR,PLATINUM,medium,unknown,BR
B00030BR,PLATINUM BUSINESS,high,high+++,BR
B00030BR,PREPAID,low,unknown,BR
B00030BR,PURCHASE,low,unknown,BR
B00030BR,STANDARD,low,unknown,BR
B00030BR,WORLD BLACK,high,high+,BR
B00030CO,BLACK,high,high+,CO
B00030CO,BUSINESS,high,high+++,CO
B00030CO,BUSINESS PLATINUM,high,high+++,CO
B00030CO,BUSINESS WORLD,high,high+++,CO
B00030CO,CORPORATE,high,high+++,CO
B00030CO,ELECTRON,low,unknown,CO
B00030CO,GOLD,medium,unknown,CO
B00030CO,PLATINUM,high,high+,CO
B00030CO,PREPAID,low,unknown,CO
B00030CO,PURCHASE,low,unknown,CO
B00030CO,STANDARD,low,unknown,CO
B00030CO,WORLD BLACK,high,high+,CO
B00030EC,BLACK,high,high+,EC
B00030EC,BUSINESS,high,high+,EC
B00030EC,BUSINESS PLATINUM,high,high+,EC
B00030EC,BUSINESS WORLD,high,high+,EC
B00030EC,CORPORATE,high,high+,EC
B00031BR,BLUE,high,high+,BR
B00031BR,BUSINESS,high,high+++,BR
B00031BR,BUSINESS GOLD,high,high+++,BR
B00031BR,BUSINESS PLATINUM,high,high+++,BR
B00031BR,BUSINESS WORLD,high,high+++,BR
B00031BR,CORPORATE,high,high+++,BR
B00031BR,ELECTRON,low,unknown,BR
B00031BR,PLATINUM,high,high+,BR
B00031BR,PLATINUM BUSINESS,high,high+++,BR
B00031BR,PREPAID,low,unknown,BR
B00031BR,PURCHASE,low,unknown,BR
B00031CO,STANDARD,low,unknown,CO
B00031EC,BLACK,high,high+,EC
B00031EC,BUSINESS,high,high+,EC
B00031EC,BUSINESS PLATINUM,high,high+,EC
B00031EC,BUSINESS WORLD,high,high+,EC
B00031EC,CORPORATE,high,high+,EC
B00032AR,BLACK,high,high+++,AR
B00032AR,BUSINESS,high,high+++,AR
B00032AR,BUSINESS GOLD,high,high+++,AR
B00032AR,BUSINESS PLATINUM,high,high+++,AR
B00032AR,"BUSINESS WORLD,",high,high+++,AR
B00032AR,CLASSIC,low,unknown,AR
B00032AR,CORPORATE,high,high+++,AR
B00032AR,ELECTRON,low,unknown,AR
B00032AR,GOLD,medium,unknown,AR
B00032AR,PLATINUM,high,high+,AR
B00032AR,PLATINUM BUSINESS,high,high+++,AR
B00032AR,PREPAID,low,unknown,AR
B00032AR,PURCHASE,low,unknown,AR
B00032AR,SIGNATURE,high,high+++,AR
B00032AR,STANDARD,low,unknown,AR
B00032CO,GOLD,medium,unknown,CO
B00032CO,STANDARD,low,unknown,CO
B00032EC,BLACK,high,high+,EC
B00032EC,BUSINESS,high,high+,EC
B00032EC,BUSINESS PLATINUM,high,high+,EC
B00032EC,BUSINESS WORLD,high,high+,EC
B00032EC,CORPORATE,high,high+,EC
B00033AR,BUSINESS,high,high+++,AR
B00033AR,BUSINESS GOLD,high,high+++,AR
B00033AR,BUSINESS PLATINUM,high,high+++,AR
B00033AR,"BUSINESS WORLD,",high,high+++,AR
B00033AR,CLASSIC,low,unknown,AR
B00033AR,CORPORATE,high,high+++,AR
B00033AR,ELECTRON,low,unknown,AR
B00033AR,PLATINUM BUSINESS,high,high+++,AR
B00033AR,PREPAID,low,unknown,AR
B00033AR,PURCHASE,low,unknown,AR
B00033AR,STANDARD,low,unknown,AR
B00033CO,BUSINESS,high,high+,CO
B00033CO,CLASSIC,low,unknown,CO
B00033CO,ELECTRON,low,unknown,CO
B00033CO,GOLD,medium,unknown,CO
B00033CO,PLATINUM,high,high+,CO
B00033EC,BLACK,high,high+,EC
B00033EC,BUSINESS,high,high+,EC
B00033EC,BUSINESS PLATINUM,high,high+,EC
B00033EC,BUSINESS WORLD,high,high+,EC
B00033EC,CORPORATE,high,high+,EC
B00034AR,BLACK,high,high++,AR
B00034AR,BUSINESS,high,high+++,AR
B00034AR,BUSINESS GOLD,high,high+++,AR
B00034AR,BUSINESS PLATINUM,high,high+++,AR
B00034AR,"BUSINESS WORLD,",high,high+++,AR
B00034AR,CLASSIC,low,unknown,AR
B00034AR,CORPORATE,high,high+++,AR
B00034AR,ELECTRON,low,unknown,AR
B00034AR,GOLD,medium,unknown,AR
B00034AR,PLATINUM,high,high+,AR
B00034AR,PLATINUM BUSINESS,high,high+++,AR
B00034AR,PREPAID,low,unknown,AR
B00034AR,PURCHASE,low,unknown,AR
B00034AR,STANDARD,low,unknown,AR
B00034BR,CLASSIC,low,unknown,BR
B00034BR,CORPORATE,high,high+,BR
B00034BR,ELECTRON,low,unknown,BR
B00034BR,GOLD,low,unknown,BR
B00034BR,PLATINUM,medium,unknown,BR
B00034BR,STANDARD,low,unknown,BR
B00034CO,BUSINESS,high,high+,CO
B00034CO,CLASSIC,low,unknown,CO
B00034CO,GOLD,medium,unknown,CO
B00034CO,PRIVATE,high,high+,CO
B00035CO,CLASSIC,low,unknown,CO
B00035CO,GOLD,medium,unknown,CO
B00035CO,PLATINUM,high,high+,CO
B00035EC,BLACK,high,high+,EC
B00035EC,BUSINESS,high,high+,EC
B00035EC,BUSINESS PLATINUM,high,high+,EC
B00035EC,BUSINESS WORLD,high,high+,EC
B00035EC,CORPORATE,high,high+,EC
B00036AR,BUSINESS,high,high+++,AR
B00036AR,BUSINESS GOLD,high,high+++,AR
B00036AR,BUSINESS PLATINUM,high,high+++,AR
B00036AR,"BUSINESS WORLD,",high,high+++,AR
B00036AR,CLASSIC,low,unknown,AR
B00036AR,CORPORATE,high,high+++,AR
B00036AR,ELECTRON,low,unknown,AR
B00036AR,GOLD,medium,unknown,AR
B00036AR,PLATINUM,high,high+,AR
B00036AR,PLATINUM BUSINESS,high,high+++,AR
B00036AR,PREPAID,low,unknown,AR
B00036AR,PURCHASE,low,unknown,AR
B00036AR,SIGNATURE,high,high++,AR
B00036AR,STANDARD,low,unknown,AR
B00037AR,BLACK,high,high++,AR
B00037AR,BUSINESS,high,high+++,AR
B00037AR,BUSINESS GOLD,high,high+++,AR
B00037AR,BUSINESS PLATINUM,high,high+++,AR
B00037AR,"BUSINESS WORLD,",high,high+++,AR
B00037AR,CLASSIC,low,unknown,AR
B00037AR,CORPORATE,high,high+++,AR
B00037AR,ELECTRON,low,unknown,AR
B00037AR,GOLD,medium,unknown,AR
B00037AR,PLATINUM,high,high+,AR
B00037AR,PLATINUM BUSINESS,high,high+++,AR
B00037AR,PREPAID,low,unknown,AR
B00037AR,PURCHASE,low,unknown,AR
B00037AR,STANDARD,low,unknown,AR
B00037BR,BLUE,high,high+,BR
B00037BR,BUSINESS,high,high+++,BR
B00037BR,BUSINESS GOLD,high,high+++,BR
B00037BR,BUSINESS PLATINUM,high,high+++,BR
B00037BR,BUSINESS WORLD,high,high+++,BR
B00037BR,CORPORATE,high,high+++,BR
B00037BR,ELECTRON,low,unknown,BR
B00037BR,GOLD,medium,unknown,BR
B00037BR,INFINITE,high,high+,BR
B00037BR,PLATINUM,high,high+,BR
B00037BR,PLATINUM BUSINESS,high,high+++,BR
B00037BR,PREPAID,low,unknown,BR
B00037BR,PURCHASE,low,unknown,BR
B00037CO,CLASSIC,low,unknown,CO
B00037CO,PURCHASE,low,unknown,CO
B00038BR,BLACK,high,high+++,BR
B00038BR,BLUE,high,high+,BR
B00038BR,BUSINESS,high,high+++,BR
B00038BR,BUSINESS GOLD,high,high+++,BR
B00038BR,BUSINESS PLATINUM,high,high+++,BR
B00038BR,BUSINESS WORLD,high,high+++,BR
B00038BR,CLASSIC,low,unknown,BR
B00038BR,CORPORATE,high,high+++,BR
B00038BR,ELECTRON,low,unknown,BR
B00038BR,GOLD,low,unknown,BR
B00038BR,INFINITE,high,high+++,BR
B00038BR,PLATINUM,medium,unknown,BR
B00038BR,PLATINUM BUSINESS,high,high+++,BR
B00038BR,PREPAID,low,unknown,BR
B00038BR,PURCHASE,low,unknown,BR
B00038BR,STANDARD,low,unknown,BR
B00038CO,ELECTRON,low,unknown,CO
B00039AR,BLACK,high,high+,AR
B00039AR,BUSINESS,high,high+++,AR
B00039AR,BUSINESS GOLD,high,high+++,AR
B00039AR,BUSINESS PLATINUM,high,high+++,AR
B00039AR,"BUSINESS WORLD,",high,high+++,AR
B00039AR,CLASSIC,low,unknown,AR
B00039AR,CORPORATE,high,high+++,AR
B00039AR,ELECTRON,low,unknown,AR
B00039AR,GOLD,medium,unknown,AR
B00039AR,PLATINUM,high,high+,AR
B00039AR,PLATINUM BUSINESS,high,high+++,AR
B00039AR,PREPAID,low,unknown,AR
B00039AR,PURCHASE,low,unknown,AR
B00039AR,SIGNATURE,high,high+,AR
B00039AR,STANDARD,low,unknown,AR
B00039CO,CLASSIC,low,unknown,CO
B00039CO,GOLD,medium,unknown,CO
B00039CO,PREPAID,low,unknown,CO
B00039MX,BUSINESS,high,high+++,MX
B00039MX,BUSINESS PLATINUM,high,high+++,MX
B00039MX,CLASSIC,low,unknown,MX
B00039MX,CORPORATE,high,high+++,MX
B00039MX,GOLD,medium,unknown,MX
B00039MX,PLATINUM,high,high++,MX
B00039MX,PREPAID,low,unknown,MX
B00039MX,PURCHASE,low,unknown,MX
B00039MX,STANDARD,low,unknown,MX
B00039MX,WORLD,high,high+,MX
B00040BR,BLUE,high,high+,BR
B00040BR,BUSINESS,high,high+++,BR
B00040BR,BUSINESS GOLD,high,high+++,BR
B00040BR,BUSINESS PLATINUM,high,high+++,BR
B00040BR,BUSINESS WORLD,high,high+++,BR
B00040BR,CLASSIC,low,unknown,BR
B00040BR,CORPORATE,high,high+++,BR
B00040BR,ELECTRON,low,unknown,BR
B00040BR,GOLD,low,unknown,BR
B00040BR,PLATINUM,medium,unknown,BR
B00040BR,PLATINUM BUSINESS,high,high+++,BR
B00040BR,PREPAID,low,unknown,BR
B00040BR,PURCHASE,low,unknown,BR
B00040BR,STANDARD,low,unknown,BR
B00040CO,ELECTRON,high,high+,CO
B00041AR,BLACK,high,high+,AR
B00041AR,BLUE,high,high+,AR
B00041AR,BUSINESS,high,high+++,AR
B00041AR,BUSINESS GOLD,high,high+++,AR
B00041AR,BUSINESS PLATINUM,high,high+++,AR
B00041AR,"BUSINESS WORLD,",high,high+++,AR
B00041AR,CLASSIC,low,unknown,AR
B00041AR,CORPORATE,high,high+++,AR
B00041AR,ELECTRON,low,unknown,AR
B00041AR,GOLD,low,unknown,AR
B00041AR,GREEN,low,unknown,AR
B00041AR,PLATINUM,medium,unknown,AR
B00041AR,PLATINUM BUSINESS,high,high+++,AR
B00041AR,PREPAID,low,unknown,AR
B00041AR,PURCHASE,low,unknown,AR
B00041AR,STANDARD,low,unknown,AR
B00042CO,PREPAID,low,unknown,CO
B00043AR,CLASSIC,low,unknown,AR
B00043AR,PURCHASE,low,unknown,AR
B00043AR,STANDARD,low,unknown,AR
B00043BR,BLACK,high,high++,BR
B00043BR,BLUE,high,high+,BR
B00043BR,BUSINESS,high,high+++,BR
B00043BR,BUSINESS GOLD,high,high+++,BR
B00043BR,BUSINESS PLATINUM,high,high+++,BR
B00043BR,BUSINESS WORLD,high,high+++,BR
B00043BR,CLASSIC,low,unknown,BR
B00043BR,CORPORATE,high,high+++,BR
B00043BR,ELECTRON,low,unknown,BR
B00043BR,GOLD,low,unknown,BR
B00043BR,INFINITE,high,high++,BR
B00043BR,PLATINUM,medium,unknown,BR
B00043BR,PLATINUM BUSINESS,high,high+++,BR
B00043BR,PREPAID,low,unknown,BR
B00043BR,PURCHASE,low,unknown,BR
B00043BR,STANDARD,low,unknown,BR
B00043CO,CLASSIC,low,unknown,CO
B00043CO,ELECTRON,low,unknown,CO
B00043CO,PURCHASE,medium,unknown,CO
B00045MX,BUSINESS,high,high+++,MX
B00045MX,BUSINESS PLATINUM,high,high+++,MX
B00045MX,CLASSIC,low,unknown,MX
B00045MX,CORPORATE,high,high+++,MX
B00045MX,PLATINUM,high,high+,MX
B00045MX,PREPAID,low,unknown,MX
B00045MX,PURCHASE,low,unknown,MX
B00045MX,STANDARD,low,unknown,MX
B00046AR,CLASSIC,low,unknown,AR
B00046AR,GOLD,medium,unknown,AR
B00046AR,GREEN,low,unknown,AR
B00046AR,PLATINUM,high,high+,AR
B00046AR,SIGNATURE,high,high+,AR
B00046AR,STANDARD,low,unknown,AR
B00047CO,STANDARD,low,unknown,CO
B00048CO,STANDARD,low,unknown,CO
B00049CO,STANDARD,low,unknown,CO
B00050BR,BLUE,high,high+,BR
B00050BR,BUSINESS,high,high+++,BR
B00050BR,BUSINESS GOLD,high,high+++,BR
B00050BR,BUSINESS PLATINUM,high,high+++,BR
B00050BR,BUSINESS WORLD,high,high+++,BR
B00050BR,CLASSIC,low,unknown,BR
B00050BR,CORPORATE,high,high+++,BR
B00050BR,ELECTRON,low,unknown,BR
B00050BR,GOLD,low,unknown,BR
B00050BR,PLATINUM,medium,unknown,BR
B00050BR,PLATINUM BUSINESS,high,high+++,BR
B00050BR,PREPAID,low,unknown,BR
B00050BR,PURCHASE,low,unknown,BR
B00050BR,STANDARD,low,unknown,BR
B00050CO,ELECTRON,low,unknown,CO
B00051CO,STANDARD,low,unknown,CO
B00052CO,STANDARD,low,unknown,CO
B00054BR,BUSINESS,high,high+,BR
B00054BR,CLASSIC,low,unknown,BR
B00054BR,CORPORATE,high,high+,BR
B00054BR,ELECTRON,low,unknown,BR
B00054BR,GOLD,low,unknown,BR
B00054BR,STANDARD,low,unknown,BR
B00054CO,BUSINESS,high,high+,CO
B00054CO,GOLD,medium,unknown,CO
B00056BR,BLUE,high,high+,BR
B00056BR,BUSINESS,high,high+++,BR
B00056BR,BUSINESS GOLD,high,high+++,BR
B00056BR,BUSINESS PLATINUM,high,high+++,BR
B00056BR,BUSINESS WORLD,high,high+++,BR
B00056BR,CORPORATE,high,high+++,BR
B00056BR,ELECTRON,low,unknown,BR
B00056BR,GOLD,medium,unknown,BR
B00056BR,PLATINUM,high,high+,BR
B00056BR,PLATINUM BUSINESS,high,high+++,BR
B00056BR,PREPAID,low,unknown,BR
B00056BR,PURCHASE,low,unknown,BR
B00056CO,ELECTRON,high,high+,CO
B00057CO,CLASSIC,low,unknown,CO
B00057CO,GOLD,medium,unknown,CO
B00058BR,CLASSIC,low,unknown,BR
B00058BR,GOLD,low,unknown,BR
B00058BR,STANDARD,low,unknown,BR
B00058CO,BUSINESS,high,high+,CO
B00059BR,BLACK,high,high++,BR
B00059BR,BLUE,high,high+,BR
B00059BR,BUSINESS,high,high+++,BR
B00059BR,BUSINESS GOLD,high,high+++,BR
B00059BR,BUSINESS PLATINUM,high,high+++,BR
B00059BR,BUSINESS WORLD,high,high+++,BR
B00059BR,CLASSIC,low,unknown,BR
B00059BR,CORPORATE,high,high+++,BR
B00059BR,ELECTRON,low,unknown,BR
B00059BR,GOLD,medium,unknown,BR
B00059BR,PLATINUM,high,high+,BR
B00059BR,PLATINUM BUSINESS,high,high+++,BR
B00059BR,PREPAID,low,unknown,BR
B00059BR,PURCHASE,low,unknown,BR
B00059BR,STANDARD,low,unknown,BR
B00060BR,BUSINESS,high,high+,BR
B00060BR,CLASSIC,low,unknown,BR
B00060BR,CORPORATE,high,high+,BR
B00060BR,ELECTRON,low,unknown,BR
B00060BR,GOLD,low,unknown,BR
B00060BR,STANDARD,low,unknown,BR
B00060CO,BUSINESS,high,high+,CO
B00060CO,CLASSIC,low,unknown,CO
B00060CO,GOLD,medium,unknown,CO
B00064CO,CLASSIC,low,unknown,CO
B00064CO,GOLD,medium,unknown,CO
B00065CO,PREPAID,low,unknown,CO
B00067CO,CLASSIC,low,unknown,CO
B00068CO,GOLD,medium,unknown,CO
B00070CO,CLASSIC,low,unknown,CO
B00070CO,PLATINUM,high,high+,CO
B00070CO,PREPAID,low,unknown,CO
B00070CO,STANDARD,low,unknown,CO
B00074CO,BUSINESS,high,high+,CO
B00074CO,BUSINESS PLATINUM,high,high+,CO
B00074CO,CLASSIC,low,unknown,CO
B00074CO,ELECTRON,low,unknown,CO
B00074CO,GOLD,medium,unknown,CO
B00074CO,PLATINUM,high,high+,CO
B00074CO,PREPAID,low,unknown,CO
B00074CO,PURCHASE,low,unknown,CO
B00074CO,STANDARD,low,unknown,CO
B00076CO,PREPAID,low,unknown,CO
B00076CO,PREPAID CORPORATE,high,high+,CO
B00076CO,STANDARD,low,unknown,CO
B00086BR,BLUE,high,high+,BR
B00086BR,BUSINESS,high,high+++,BR
B00086BR,BUSINESS GOLD,high,high+++,BR
B00086BR,BUSINESS PLATINUM,high,high+++,BR
B00086BR,BUSINESS WORLD,high,high+++,BR
B00086BR,CLASSIC,low,unknown,BR
B00086BR,CORPORATE,high,high+++,BR
B00086BR,ELECTRON,low,unknown,BR
B00086BR,PLATINUM BUSINESS,high,high+++,BR
B00086BR,PREPAID,low,unknown,BR
B00086BR,PURCHASE,low,unknown,BR
B00086BR,STANDARD,low,unknown,BR
B00095AR,BLACK,high,high+,AR
B00095AR,BUSINESS,high,high+++,AR
B00095AR,BUSINESS GOLD,high,high+++,AR
B00095AR,BUSINESS PLATINUM,high,high+++,AR
B00095AR,"BUSINESS WORLD,",high,high+++,AR
B00095AR,CORPORATE,high,high+++,AR
B00095AR,ELECTRON,low,unknown,AR
B00095AR,PLATINUM,high,high+,AR
B00095AR,PLATINUM BUSINESS,high,high+++,AR
B00095AR,PREPAID,low,unknown,AR
B00095AR,PURCHASE,low,unknown,AR
B00095AR,WORLD BLACK,high,high+,AR
B00096BR,BUSINESS,high,high+,BR
B00096BR,CLASSIC,low,unknown,BR
B00096BR,CORPORATE,high,high+,BR
B00096BR,ELECTRON,low,unknown,BR
B00096BR,GOLD,low,unknown,BR
B00096BR,STANDARD,low,unknown,BR
B00102AR,BUSINESS,high,high+++,AR
B00102AR,BUSINESS GOLD,high,high+++,AR
B00102AR,BUSINESS PLATINUM,high,high+++,AR
B00102AR,"BUSINESS WORLD,",high,high+++,AR
B00102AR,CLASSIC,low,unknown,AR
B00102AR,CORPORATE,high,high+++,AR
B00102AR,ELECTRON,low,unknown,AR
B00102AR,NULL,low,unknown,AR
B00102AR,PLATINUM BUSINESS,high,high+++,AR
B00102AR,PREPAID,low,unknown,AR
B00102AR,PURCHASE,low,unknown,AR
B00102AR,STANDARD,low,unknown,AR
B00103AR,BUSINESS,high,high+++,AR
B00103AR,BUSINESS GOLD,high,high+++,AR
B00103AR,BUSINESS PLATINUM,high,high+++,AR
B00103AR,"BUSINESS WORLD,",high,high+++,AR
B00103AR,CLASSIC,low,unknown,AR
B00103AR,CORPORATE,high,high+++,AR
B00103AR,ELECTRON,low,unknown,AR
B00103AR,GOLD,low,unknown,AR
B00103AR,GREEN,low,unknown,AR
B00103AR,PLATINUM BUSINESS,high,high+++,AR
B00103AR,PREPAID,low,unknown,AR
B00103AR,PURCHASE,low,unknown,AR
B00103AR,STANDARD,low,unknown,AR
B00107AR,CLASSIC,low,unknown,AR
B00107AR,STANDARD,low,unknown,AR
B00138BR,CLASSIC,low,unknown,BR
B00138BR,GOLD,low,unknown,BR
B00138BR,PLATINUM,medium,unknown,BR
B00138BR,PREPAID,low,unknown,BR
B00138BR,STANDARD,low,unknown,BR
B00143BR,BUSINESS,high,high+,BR
B00143BR,CLASSIC,low,unknown,BR
B00143BR,CORPORATE,high,high+,BR
B00143BR,ELECTRON,low,unknown,BR
B00143BR,GOLD,low,unknown,BR
B00143BR,STANDARD,low,unknown,BR
B12342PE,BLACK,high,high+,PE
B12342PE,BUSINESS,high,high+,PE
B12342PE,CLASSIC,low,unknown,PE
B12342PE,CORPORATE,high,high+,PE
B12342PE,ELECTRON,low,unknown,PE
B12342PE,GOLD,medium,unknown,PE
B12342PE,GREEN,medium,unknown,PE
B12342PE,INFINITE,high,high+,PE
B12342PE,PLATINUM,medium,unknown,PE
B12342PE,PREPAID,low,unknown,PE
B12342PE,PURCHASE,low,unknown,PE
B12342PE,SIGNATURE,high,high+,PE
B12342PE,STANDARD,low,unknown,PE
B12342PE,WORLD,high,high+,PE
B12342PE,WORLDBLACK,high,high+,PE
B12343PE,BLACK,medium,unknown,PE
B12343PE,CLASSIC,low,unknown,PE
B12343PE,CORPORATE,high,high+++,PE
B12343PE,ELECTRON,low,unknown,PE
B12343PE,GOLD,low,unknown,PE
B12343PE,PLATINUM,high,high+,PE
B12343PE,PREPAID,low,unknown,PE
B12343PE,PURCHASE,low,unknown,PE
B12343PE,STANDARD,low,unknown,PE
B12343PE,WORLD BLACK,medium,unknown,PE
B12344PE,BLACK,high,high+,PE
B12344PE,BUSINESS,high,high+,PE
B12344PE,CLASSIC,low,unknown,PE
B12344PE,CORPORATE,high,high+,PE
B12344PE,ELECTRON,low,unknown,PE
B12344PE,GOLD,medium,unknown,PE
B12344PE,GREEN,medium,unknown,PE
B12344PE,INFINITE,high,high+,PE
B12344PE,PLATINUM,medium,unknown,PE
B12344PE,PREPAID,low,unknown,PE
B12344PE,PURCHASE,low,unknown,PE
B12344PE,SIGNATURE,high,high+,PE
B12344PE,STANDARD,low,unknown,PE
B12344PE,WORLD,high,high+,PE
B12344PE,WORLDBLACK,high,high+,PE
B12345PE,BLACK,high,high+,PE
B12345PE,BUSINESS,high,high+,PE
B12345PE,CLASSIC,low,unknown,PE
B12345PE,CORPORATE,high,high+,PE
B12345PE,ELECTRON,low,unknown,PE
B12345PE,GOLD,low,unknown,PE
B12345PE,GREEN,low,unknown,PE
B12345PE,INFINITE,high,high+,PE
B12345PE,PLATINUM,medium,unknown,PE
B12345PE,PREPAID,low,unknown,PE
B12345PE,PURCHASE,low,unknown,PE
B12345PE,SIGNATURE,high,high+,PE
B12345PE,STANDARD,low,unknown,PE
B12345PE,WORLD,high,high+,PE
B12345PE,WORLDBLACK,high,high+,PE
B12346PE,BLACK,high,high+,PE
B12346PE,BUSINESS,medium,unknown,PE
B12346PE,CLASSIC,low,unknown,PE
B12346PE,CORPORATE,medium,unknown,PE
B12346PE,ELECTRON,low,unknown,PE
B12346PE,GOLD,medium,unknown,PE
B12346PE,GREEN,low,unknown,PE
B12346PE,INFINITE,high,high+,PE
B12346PE,PLATINUM,medium,unknown,PE
B12346PE,PREPAID,low,unknown,PE
B12346PE,PURCHASE,low,unknown,PE
B12346PE,SIGNATURE,high,high+,PE
B12346PE,STANDARD,low,unknown,PE
B12346PE,WORLD,high,high+,PE
B12346PE,WORLDBLACK,high,high+,PE
B12348PE,BLACK,high,high+,PE
B12348PE,BUSINESS,high,high+,PE
B12348PE,CLASSIC,low,unknown,PE
B12348PE,CORPORATE,high,high+,PE
B12348PE,ELECTRON,low,unknown,PE
B12348PE,GOLD,medium,unknown,PE
B12348PE,GREEN,medium,unknown,PE
B12348PE,INFINITE,high,high+,PE
B12348PE,PLATINUM,medium,unknown,PE
B12348PE,PREPAID,low,unknown,PE
B12348PE,PURCHASE,low,unknown,PE
B12348PE,SIGNATURE,high,high+,PE
B12348PE,STANDARD,low,unknown,PE
B12348PE,WORLD,high,high+,PE
B12348PE,WORLDBLACK,high,high+,PE
B12349PE,BLACK,high,high+,PE
B12349PE,BUSINESS,high,high+,PE
B12349PE,CLASSIC,low,unknown,PE
B12349PE,CORPORATE,high,high+,PE
B12349PE,ELECTRON,low,unknown,PE
B12349PE,GOLD,medium,unknown,PE
B12349PE,GREEN,medium,unknown,PE
B12349PE,INFINITE,high,high+,PE
B12349PE,PLATINUM,medium,unknown,PE
B12349PE,PREPAID,low,unknown,PE
B12349PE,PURCHASE,low,unknown,PE
B12349PE,SIGNATURE,high,high+,PE
B12349PE,STANDARD,low,unknown,PE
B12349PE,WORLD,high,high+,PE
B12349PE,WORLDBLACK,high,high+,PE
B00010PE,BLACK,high,high+,PE
B00010PE,BUSINESS,high,high+,PE
B00010PE,CLASSIC,low,unknown,PE
B00010PE,CORPORATE,high,high+,PE
B00010PE,ELECTRON,low,unknown,PE
B00010PE,GOLD,medium,unknown,PE
B00010PE,GREEN,medium,unknown,PE
B00010PE,INFINITE,high,high+,PE
B00010PE,PLATINUM,medium,unknown,PE
B00010PE,PREPAID,low,unknown,PE
B00010PE,PURCHASE,low,unknown,PE
B00010PE,SIGNATURE,high,high+,PE
B00010PE,STANDARD,low,unknown,PE
B00010PE,WORLD,high,high+,PE
B00010PE,WORLDBLACK,high,high+,PE
B00011PE,BLACK,high,high+,PE
B00011PE,BUSINESS,high,high+,PE
B00011PE,CLASSIC,low,unknown,PE
B00011PE,CORPORATE,high,high+,PE
B00011PE,ELECTRON,low,unknown,PE
B00011PE,GOLD,medium,unknown,PE
B00011PE,GREEN,low,unknown,PE
B00011PE,INFINITE,high,high+,PE
B00011PE,PLATINUM,medium,unknown,PE
B00011PE,PREPAID,low,unknown,PE
B00011PE,PURCHASE,low,unknown,PE
B00011PE,SIGNATURE,high,high+,PE
B00011PE,STANDARD,low,unknown,PE
B00011PE,WORLD,high,high+,PE
B00011PE,WORLDBLACK,high,high+,PE
B00013PE,BLACK,high,high+,PE
B00013PE,BUSINESS,high,high+,PE
B00013PE,CLASSIC,low,unknown,PE
B00013PE,CORPORATE,high,high+,PE
B00013PE,ELECTRON,low,unknown,PE
B00013PE,GOLD,medium,unknown,PE
B00013PE,GREEN,medium,unknown,PE
B00013PE,INFINITE,high,high+,PE
B00013PE,PLATINUM,medium,unknown,PE
B00013PE,PREPAID,low,unknown,PE
B00013PE,PURCHASE,low,unknown,PE
B00013PE,SIGNATURE,medium,unknown,PE
B00013PE,STANDARD,low,unknown,PE
B00013PE,WORLD,high,high+,PE
B00013PE,WORLDBLACK,high,high+,PE
B00015PE,BLACK,high,high+,PE
B00015PE,BUSINESS,high,high+,PE
B00015PE,CLASSIC,low,unknown,PE
B00015PE,CORPORATE,high,high+,PE
B00015PE,ELECTRON,low,unknown,PE
B00015PE,GOLD,medium,unknown,PE
B00015PE,GREEN,medium,unknown,PE
B00015PE,INFINITE,high,high+,PE
B00015PE,PLATINUM,medium,unknown,PE
B00015PE,PREPAID,low,unknown,PE
B00015PE,PURCHASE,low,unknown,PE
B00015PE,SIGNATURE,high,high+,PE
B00015PE,STANDARD,low,unknown,PE
B00015PE,WORLD,high,high+,PE
B00015PE,WORLDBLACK,high,high+,PE
B00016PE,BLACK,high,unknown,PE
B00016PE,CORPORATE,high,high+++,PE
B00016PE,ELECTRON,low,unknown,PE
B00016PE,PLATINUM,high,unknown,PE
B00016PE,PREPAID,low,unknown,PE
B00016PE,PURCHASE,low,unknown,PE
B00017PE,BLACK,high,high+,PE
B00017PE,BUSINESS,high,high+,PE
B00017PE,CLASSIC,low,unknown,PE
B00017PE,CORPORATE,medium,high+,PE
B00017PE,ELECTRON,low,unknown,PE
B00017PE,GOLD,medium,unknown,PE
B00017PE,GREEN,low,unknown,PE
B00017PE,INFINITE,medium,unknown,PE
B00017PE,PLATINUM,medium,unknown,PE
B00017PE,PREPAID,low,unknown,PE
B00017PE,PURCHASE,low,unknown,PE
B00017PE,SIGNATURE,high,high+,PE
B00017PE,STANDARD,low,unknown,PE
B00017PE,WORLD,high,high+,PE
B00017PE,WORLDBLACK,high,high+,PE
B00018PE,BLACK,high,high+,PE
B00018PE,BUSINESS,high,high+,PE
B00018PE,CLASSIC,low,unknown,PE
B00018PE,CORPORATE,high,high+,PE
B00018PE,ELECTRON,low,unknown,PE
B00018PE,GOLD,medium,unknown,PE
B00018PE,GREEN,medium,unknown,PE
B00018PE,INFINITE,high,high+,PE
B00018PE,PLATINUM,medium,unknown,PE
B00018PE,PREPAID,low,unknown,PE
B00018PE,PURCHASE,low,unknown,PE
B00018PE,SIGNATURE,high,high+,PE
B00018PE,STANDARD,low,unknown,PE
B00018PE,WORLD,high,high+,PE
B00018PE,WORLDBLACK,high,high+,PE
B00020PE,BLACK,high,high+,PE
B00020PE,CLASSIC,low,unknown,PE
B00020PE,CORPORATE,high,high+++,PE
B00020PE,ELECTRON,low,unknown,PE
B00020PE,GOLD,low,unknown,PE
B00020PE,PLATINUM,high,high+,PE
B00020PE,PREPAID,low,unknown,PE
B00020PE,PURCHASE,low,unknown,PE
B00020PE,STANDARD,low,unknown,PE
B00021PE,BLACK,high,high+,PE
B00021PE,BUSINESS,high,high+,PE
B00021PE,CLASSIC,low,unknown,PE
B00021PE,CORPORATE,high,high+,PE
B00021PE,ELECTRON,low,unknown,PE
B00021PE,GOLD,medium,unknown,PE
B00021PE,GREEN,medium,unknown,PE
B00021PE,INFINITE,high,high+,PE
B00021PE,PLATINUM,medium,unknown,PE
B00021PE,PREPAID,low,unknown,PE
B00021PE,PURCHASE,low,unknown,PE
B00021PE,SIGNATURE,high,high+,PE
B00021PE,STANDARD,low,unknown,PE
B00021PE,WORLD,high,high+,PE
B00021PE,WORLDBLACK,high,high+,PE
B00024PE,BLACK,high,high+,PE
B00024PE,BUSINESS,high,high+,PE
B00024PE,CLASSIC,low,unknown,PE
B00024PE,CORPORATE,high,high+,PE
B00024PE,ELECTRON,low,unknown,PE
B00024PE,GOLD,medium,unknown,PE
B00024PE,GREEN,medium,unknown,PE
B00024PE,INFINITE,high,high+,PE
B00024PE,PLATINUM,medium,unknown,PE
B00024PE,PREPAID,low,unknown,PE
B00024PE,PURCHASE,low,unknown,PE
B00024PE,SIGNATURE,high,high+,PE
B00024PE,STANDARD,low,unknown,PE
B00024PE,WORLD,high,high+,PE
B00024PE,WORLDBLACK,high,high+,PE
B00030PE,BLACK,high,high+,PE
B00030PE,BUSINESS,high,high+,PE
B00030PE,CLASSIC,low,unknown,PE
B00030PE,CORPORATE,high,high+,PE
B00030PE,ELECTRON,low,unknown,PE
B00030PE,GOLD,medium,unknown,PE
B00030PE,GREEN,medium,unknown,PE
B00030PE,INFINITE,high,high+,PE
B00030PE,PLATINUM,medium,unknown,PE
B00030PE,PREPAID,low,unknown,PE
B00030PE,PURCHASE,low,unknown,PE
B00030PE,SIGNATURE,high,high+,PE
B00030PE,STANDARD,low,unknown,PE
B00030PE,WORLD,high,high+,PE
B00030PE,WORLDBLACK,high,high+,PE
B00037PE,BLACK,high,high+,PE
B00037PE,BUSINESS,high,high+,PE
B00037PE,CLASSIC,low,unknown,PE
B00037PE,CORPORATE,high,high+,PE
B00037PE,ELECTRON,low,unknown,PE
B00037PE,GOLD,medium,unknown,PE
B00037PE,GREEN,medium,unknown,PE
B00037PE,INFINITE,high,high+,PE
B00037PE,PLATINUM,medium,unknown,PE
B00037PE,PREPAID,low,unknown,PE
B00037PE,PURCHASE,low,unknown,PE
B00037PE,SIGNATURE,high,high+,PE
B00037PE,STANDARD,low,unknown,PE
B00037PE,WORLD,high,high+,PE
B00037PE,WORLDBLACK,high,high+,PE
B00041PE,BLACK,high,high+,PE
B00041PE,BUSINESS,high,high+,PE
B00041PE,CLASSIC,low,unknown,PE
B00041PE,CORPORATE,high,high+,PE
B00041PE,ELECTRON,low,unknown,PE
B00041PE,GOLD,medium,unknown,PE
B00041PE,GREEN,low,unknown,PE
B00041PE,INFINITE,high,high+,PE
B00041PE,PLATINUM,medium,unknown,PE
B00041PE,PREPAID,low,unknown,PE
B00041PE,PURCHASE,low,unknown,PE
B00041PE,SIGNATURE,medium,unknown,PE
B00041PE,STANDARD,low,unknown,PE
B00041PE,WORLD,high,high+,PE
B00041PE,WORLDBLACK,high,high+,PE
B00044PE,BLACK,high,high+,PE
B00044PE,BUSINESS,high,high+,PE
B00044PE,CLASSIC,low,unknown,PE
B00044PE,CORPORATE,high,high+,PE
B00044PE,ELECTRON,low,unknown,PE
B00044PE,GOLD,medium,unknown,PE
B00044PE,GREEN,medium,unknown,PE
B00044PE,INFINITE,high,high+,PE
B00044PE,PLATINUM,medium,unknown,PE
B00044PE,PREPAID,low,unknown,PE
B00044PE,PURCHASE,low,unknown,PE
B00044PE,SIGNATURE,high,high+,PE
B00044PE,STANDARD,low,unknown,PE
B00044PE,WORLD,high,high+,PE
B00044PE,WORLDBLACK,high,high+,PE
B00045PE,BLACK,medium,unknown,PE
B00045PE,BUSINESS,high,high+,PE
B00045PE,CLASSIC,low,unknown,PE
B00045PE,CORPORATE,high,high+,PE
B00045PE,ELECTRON,low,unknown,PE
B00045PE,GOLD,medium,unknown,PE
B00045PE,GREEN,medium,unknown,PE
B00045PE,INFINITE,high,high+,PE
B00045PE,PLATINUM,medium,unknown,PE
B00045PE,PREPAID,low,unknown,PE
B00045PE,PURCHASE,low,unknown,PE
B00045PE,SIGNATURE,high,high+,PE
B00045PE,STANDARD,low,unknown,PE
B00045PE,WORLD,medium,unknown,PE
B00045PE,WORLDBLACK,high,high+,PE
B00046PE,BLACK,high,high+,PE
B00046PE,BUSINESS,high,high+,PE
B00046PE,CLASSIC,low,unknown,PE
B00046PE,CORPORATE,high,high+,PE
B00046PE,ELECTRON,low,unknown,PE
B00046PE,GOLD,medium,unknown,PE
B00046PE,GREEN,medium,unknown,PE
B00046PE,INFINITE,high,high+,PE
B00046PE,PLATINUM,medium,unknown,PE
B00046PE,PREPAID,low,unknown,PE
B00046PE,PURCHASE,low,unknown,PE
B00046PE,SIGNATURE,high,high+,PE
B00046PE,STANDARD,low,unknown,PE
B00046PE,WORLD,high,high+,PE
B00046PE,WORLDBLACK,high,high+,PE
B00047PE,BLACK,high,high+,PE
B00047PE,BUSINESS,high,high+,PE
B00047PE,CLASSIC,low,unknown,PE
B00047PE,CORPORATE,high,high+,PE
B00047PE,ELECTRON,low,unknown,PE
B00047PE,GOLD,medium,unknown,PE
B00047PE,GREEN,medium,unknown,PE
B00047PE,INFINITE,high,high+,PE
B00047PE,PLATINUM,medium,unknown,PE
B00047PE,PREPAID,low,unknown,PE
B00047PE,PURCHASE,low,unknown,PE
B00047PE,SIGNATURE,high,high+,PE
B00047PE,STANDARD,low,unknown,PE
B00047PE,WORLD,high,high+,PE
B00047PE,WORLDBLACK,high,high+,PE
B00048PE,BLACK,high,high+,PE
B00048PE,BUSINESS,high,high+,PE
B00048PE,CLASSIC,low,unknown,PE
B00048PE,CORPORATE,high,high+,PE
B00048PE,ELECTRON,low,unknown,PE
B00048PE,GOLD,medium,unknown,PE
B00048PE,GREEN,medium,unknown,PE
B00048PE,INFINITE,high,high+,PE
B00048PE,PLATINUM,medium,unknown,PE
B00048PE,PREPAID,low,unknown,PE
B00048PE,PURCHASE,low,unknown,PE
B00048PE,SIGNATURE,high,high+,PE
B00048PE,STANDARD,low,unknown,PE
B00048PE,WORLD,high,high+,PE
B00048PE,WORLDBLACK,high,high+,PE
B00050PE,BLACK,high,high+,PE
B00050PE,BUSINESS,high,high+,PE
B00050PE,CLASSIC,low,unknown,PE
B00050PE,CORPORATE,medium,unknown,PE
B00050PE,ELECTRON,low,unknown,PE
B00050PE,GOLD,medium,unknown,PE
B00050PE,GREEN,low,unknown,PE
B00050PE,INFINITE,high,high+,PE
B00050PE,PLATINUM,medium,unknown,PE
B00050PE,PREPAID,low,unknown,PE
B00050PE,PURCHASE,low,unknown,PE
B00050PE,SIGNATURE,high,high+,PE
B00050PE,STANDARD,low,unknown,PE
B00050PE,WORLD,medium,high+,PE
B00050PE,WORLDBLACK,high,high+,PE
B00051PE,BLACK,high,high+,PE
B00051PE,BUSINESS,high,high+,PE
B00051PE,CLASSIC,low,unknown,PE
B00051PE,CORPORATE,high,high+,PE
B00051PE,ELECTRON,low,unknown,PE
B00051PE,GOLD,medium,unknown,PE
B00051PE,GREEN,medium,unknown,PE
B00051PE,INFINITE,high,high+,PE
B00051PE,PLATINUM,medium,unknown,PE
B00051PE,PREPAID,low,unknown,PE
B00051PE,PURCHASE,low,unknown,PE
B00051PE,SIGNATURE,high,high+,PE
B00051PE,STANDARD,low,unknown,PE
B00051PE,WORLD,high,high+,PE
B00051PE,WORLDBLACK,high,high+,PE
B00053PE,BLACK,high,high+,PE
B00053PE,BUSINESS,high,high+,PE
B00053PE,CLASSIC,low,unknown,PE
B00053PE,CORPORATE,high,high+,PE
B00053PE,ELECTRON,low,unknown,PE
B00053PE,GOLD,medium,unknown,PE
B00053PE,GREEN,medium,unknown,PE
B00053PE,INFINITE,high,high+,PE
B00053PE,PLATINUM,medium,unknown,PE
B00053PE,PREPAID,low,unknown,PE
B00053PE,PURCHASE,low,unknown,PE
B00053PE,SIGNATURE,high,high+,PE
B00053PE,STANDARD,low,unknown,PE
B00053PE,WORLD,high,high+,PE
B00053PE,WORLDBLACK,high,high+,PE
B00055PE,BLACK,high,high+,PE
B00055PE,BUSINESS,high,high+,PE
B00055PE,CLASSIC,low,unknown,PE
B00055PE,CORPORATE,high,high+,PE
B00055PE,ELECTRON,low,unknown,PE
B00055PE,GOLD,medium,unknown,PE
B00055PE,GREEN,medium,unknown,PE
B00055PE,INFINITE,high,high+,PE
B00055PE,PLATINUM,medium,unknown,PE
B00055PE,PREPAID,low,unknown,PE
B00055PE,PURCHASE,low,unknown,PE
B00055PE,SIGNATURE,high,high+,PE
B00055PE,STANDARD,low,unknown,PE
B00055PE,WORLD,high,high+,PE
B00055PE,WORLDBLACK,high,high+,PE
B00057PE,BLACK,high,high+,PE
B00057PE,BUSINESS,high,high+,PE
B00057PE,CLASSIC,low,unknown,PE
B00057PE,CORPORATE,high,high+,PE
B00057PE,ELECTRON,low,unknown,PE
B00057PE,GOLD,medium,unknown,PE
B00057PE,GREEN,medium,unknown,PE
B00057PE,INFINITE,high,high+,PE
B00057PE,PLATINUM,medium,unknown,PE
B00057PE,PREPAID,low,unknown,PE
B00057PE,PURCHASE,low,unknown,PE
B00057PE,SIGNATURE,high,high+,PE
B00057PE,STANDARD,low,unknown,PE
B00057PE,WORLD,high,high+,PE
B00057PE,WORLDBLACK,high,high+,PE
B00059PE,BLACK,high,high+,PE
B00059PE,BUSINESS,high,high+,PE
B00059PE,CLASSIC,low,unknown,PE
B00059PE,CORPORATE,high,high+,PE
B00059PE,ELECTRON,low,unknown,PE
B00059PE,GOLD,medium,unknown,PE
B00059PE,GREEN,medium,unknown,PE
B00059PE,INFINITE,high,high+,PE
B00059PE,PLATINUM,medium,unknown,PE
B00059PE,PREPAID,low,unknown,PE
B00059PE,PURCHASE,low,unknown,PE
B00059PE,SIGNATURE,high,high+,PE
B00059PE,STANDARD,low,unknown,PE
B00059PE,WORLD,high,high+,PE
B00059PE,WORLDBLACK,high,high+,PE
B00042PE,GREEN,low,unknown,PE
B00042PE,CORPORATE,high,high+,PE
B00042PE,PLATINUM,medium,unknown,PE
B00042PE,BUSINESS,high,high+,PE
B00042PE,GOLD,medium,unknown,PE
B00042PE,CENTURION,high,high+,PE
B00042PE,BLACK,high,high+,PE
B00042PE,PREPAID,low,unknown,PE
B00042PE,OPTIMA,low,unknown,PE
B00042PE,BLUE,low,unknown,PE
B12342AR,SIGNATURE,high,high+,AR
B12345AR,SIGNATURE,high,high+,AR
B12345AR,BLACK,high,high+,AR
B12346AR,SIGNATURE,high,high+,AR
B12346AR,BLACK,high,high+,AR
B12348AR,SIGNATURE,high,high+,AR
B12349AR,BLACK,high,high+,AR
B00010AR,SIGNATURE,high,high+,AR
B00011AR,SIGNATURE,high,high+,AR
B00012AR,GREEN,medium,unknown,AR
B00012AR,SIGNATURE,high,high+,AR
B00013AR,SIGNATURE,high,high+,AR
B00015AR,BLACK,high,high+,AR
B00016AR,SIGNATURE,high,high+,AR
B00016AR,BLACK,high,high+,AR
B00017AR,SIGNATURE,high,high+,AR
B00017AR,BLACK,high,high+,AR
B00020AR,BLACK,high,high+,AR
B00021AR,SIGNATURE,high,high+,AR
B00024AR,PREPAID,low,high+,AR
B00024AR,SIGNATURE,high,high+,AR
B00026AR,SIGNATURE,high,high+,AR
B00027AR,SIGNATURE,high,high+,AR
B00027AR,CORPORATE,high,high+,AR
B00027AR,BLACK,high,high+,AR
B00028AR,SIGNATURE,high,high+,AR
B00029AR,PLATINUM,medium,unknown,AR
B00029AR,GREEN,medium,unknown,AR
B00030AR,SIGNATURE,high,high+,AR
B00030AR,BLACK,high,high+,AR
B00031AR,BLACK,high,high+,AR
B00032AR,GREEN,medium,unknown,AR
B00033AR,SIGNATURE,high,high+,AR
B00033AR,BLACK,high,high+,AR
B00034AR,GREEN,medium,unknown,AR
B00034AR,SIGNATURE,high,high+,AR
B00035AR,BLACK,high,high+,AR
B00036AR,BLACK,high,high+,AR
B00037AR,SIGNATURE,high,high+,AR
B00041AR,SIGNATURE,high,high+,AR
B00043AR,SIGNATURE,high,high+,AR
B00043AR,BLACK,high,high+,AR
B00046AR,BLACK,high,high+,AR
B00047AR,SIGNATURE,high,high+,AR
B00047AR,BLACK,high,high+,AR
B00098AR,BLACK,high,high+,AR
B00100AR,BLACK,high,high+,AR
B00123AR,BLACK,high,high+,AR
B00127AR,BLACK,high,high+,AR
B00129AR,BLACK,high,high+,AR
B00136AR,BLACK,high,high+,AR
B12342CL,GOLD,low,unknown,CL
B00015CL,GOLD,low,unknown,CL
B00011CL,PLATINUM,low,unknown,CL
B00038CL,STANDARD,low,unknown,CL
B00030MX,CLASSIC,low,unknown,MX
B00022MX,CLASSIC,low,unknown,MX
B00012MX,CLASSIC,low,unknown,MX
B12349MX,CLASSIC,low,unknown,MX
B00017MX,CLASSIC,low,unknown,MX
B12348MX,CLASSIC,low,unknown,MX
B00025MX,CLASSIC,low,unknown,MX
B00022MX,ELECTRON,low,unknown,MX
B00012MX,ELECTRON,low,unknown,MX
B12348MX,ELECTRON,low,unknown,MX
B12349MX,ELECTRON,low,unknown,MX
B00012MX,GOLD,medium,unknown,MX
B00035MX,GOLD,medium,unknown,MX
B12342MX,GREEN,low,unknown,MX
B00035MX,REVOLVING,low,unknown,MX
B12341MX,REVOLVING,low,unknown,MX
B00012MX,STANDARD,low,unknown,MX
B12348MX,STANDARD,low,unknown,MX